sequence,label
DLKGKYVQIP,1
DVDLGDISGINASVVNIQKEIDRLNEVAKNLNESLIDLQELGKYEQYI,1
GIGKFLHSAGKFGKAFVGEIMKS,1
SNNTIAIPTNFSISITTEVM,1
PSSKRFQPFQQFGRDVSDFT,1
IQKEIDRLNEVAKNLNESLI,1
INASVVNIQKEIDRLNEVAKNLNESLIDL,1
IQKEIDRLNEVAKNLNESLIDLQELGK,1
DISGINASVVNIQKEIDRLNEVAKNLNESLIDLQEL,1
FGGASCCLYCRCHIDHPNPKGFCDLKGKY,1
PALNCYWPLNDYGFYTTSGI,1
LDSPKEELDKYFKNHTSPDVDLGDISGINASVVNIQKEIDRLNEVAKNLNESLIDLQELGKYE,1
KKKKYRNIRRPG,1
NQNAQALNTLVKQLSSNFGAISSVLNDILSRLDKVEAEVQIDRLIT,1
YKYRYL,1
VCSCRLVFCRRTELRVGNCLIGGVSFTYCCTRV,1
QKQIANQFNKAISQIQESLTTTSTALGKLQDVVNQNAQALNTLVKQ,1
DLSLDFEKLNVTLLDLTYEMNRIQDAIKKLNESYINLKE,1
GVFVFNGTSWFITQRNFFS,1
GINASVVNIQKEIDRLNEVAKNL,1
QEAQSVACTSYYCSKFCGSAGCSLYGCYLLHPGKICYCLHCSR,1
QNQSANQFQKEISQINEVLTTTNTSLGKLQDDVNQNNQSLNTLQKE,1
SVVPSKATWGFA,1
VLYNSTFFSTFKCYGVSATK,1
PDVDLGDISGINASVVNIQKEIDRLNEVAKNLNESLIDLQ,1
GFFALIPKIISSPLFKTLLSAVGSALSSSGEQE,1
QYGSFCTQLNRALSGIAAEQ,1
VVNIQKEIDRLNEVAKNLNESLIDLQELGK,1
GDISGINASVVNIQKEIDRLNEVAKNLNESLIDLQELGKY,1
ISGINASVVNIQKEIDRLNEVAKNLNESLIDLQEL,1
TKFPSVYAWERKKISNCVAD,1
YQDVNCTDVSTAIHADQLTP,1
RRCICTTRTCRFPYRRLGTCIFQNRVYTFCC,1
GGGYSKAQKAQAKQAKQAQKAQKAQAKQAKQAQKAQKAQAKQAKQ,1
GLPQDCERRGGFCSHKSCPPGIGRIGLCSKEDFCCRSRWYS,1
GIGKFLHSAKKFGKAFVGEIMNS,1
SGINASVVNIQKEIDRLNEVAKNLNESLIDLQEL,1
FLDKFNHEAEDLFYQSSL,1
NGAICWGPCPTAFRQIGNCGHFKVRCCKIR,1
SLTQINTTLLDLTYEMLSLQQVVKALNESYIDLKEL,1
DVDLGDISGINASVVNIQKEIDRLNEVAKNLNESLIDLQEL,1
GYFVQDDGEWKFTGSSYYY,1
GRLQSLQTYVTQQLIRAAEIRASANLAATKMSEC,1
VYDPLQPELDSFKEELDKYFKNHTSPDVDLGDISGINASVV,1
NEVAKNLNESLIDLQELGKYEQYIKWPWYVW,1
EEQAKTFLDKFNHEAEDLFYQSSGLGKGDFR,1
EEQAKTFLDKFNHEAEDLFYQSSLASWNYNTNITEE,1
SLDQINVTFLDLEYEMKKLEEAIKKLEESYIDLKEL,1
ISGINASVVNIQKEIDRLNEVAKNLNESLIDLQELGKYEQYIKWPW,1
LDKYFKNHTSPDVDLGDISGINASVVNIQKEIDRLNEVAKNLNESLIDLQELGKYE,1
FLPVLAGIAAKVVPALFCKITKKC,1
KSNVVRGWVFGSTMNNKSQS,1
FKNHTSPDVDLGDISGINASVVNIQKEIDRLNEVAKNLNESLIDLQELGKYE,1
INASVVNIQKEIDRLNEVAKNLNESLIDLQELGK,1
KTCMTKKEGWGRCLIDTTCAHSCRKYGYMGGKCQGITRRCYCLLNC,1
LFRLIKSLIKRLVSAFK,1
RDVSDFTDSVRDPKTSEILD,1
NGIGVTQNVLYENQKQIANQFNKAISQIQESLTTTSTA,1
YVTQQLIRAAEIRASANLAATKMSECVLGQSKRVDFCGKG,1
GINASVVNIQKEIDRLNEVAKNLNESLIDLQELGK,1
GEGFLGMLLHGVGHAIHGLIHGK,1
GLRSKIWLWVLLMIWQESNKFKKM,1
GNHILSLVQNAPYGLYFIHFSW,1
ISGINASVVNIQKEIDRLNEVAKNLNESLIDLQELGK,1
KGIYQTSNFRVVPSGDVVRF,1
EEQAKTFLDKFNHEAEDLFYQSS,1
IQKEIDRLNEVAKNLNESLIDLQELGKYEQYIKWPW,1
HVTTTFAPPPPR,1
GWGSFFKKAAHVGKHVGKAALTHYL,1
FKLPLGINITNFRAILTAFS,1
GVIPCGESCVFIPCISAAIGCSCKNKVCYRN,1
LDLSDEMAMLQQEVVKQLNDSYIDLKELGNYTYYNKW,1
VVNIQKEIDRLNEVAKNLNESLIDLQELGKYEQYIKWPW,1
GGASCCLYCRCH,1
CANLLLQYGSFCTQLNRALSGIA,1
VDLGDISGINASVVNIQKEIDRLNEVAKNLNESLIDLQELGKYE,1
VVEQYNQTILNLTSEISTLENKSAELNYTVQKLQTLIDNINSTLVDLKWL,1
AVLQSGFR,1
FYTTTGIGYQPY,1
PTTCANDP,1
GFGCNGPWDEDDMQCHNHCKSIKGYKGGYCAKGGFVCKCY,1
GAFGNFLKGVAKKAGLKILSIAQCKLSGTC,1
IDRLITGRLQSLQTYVTQQLIRAAEIRASANLAATK,1
VTCYCRRTRCGFRERLSGACGYRGRIYRLCCR,1
AFTCHCRRSCYSTEYSYGTCTVMGINHRFCCL,1
LFGLIPSLIGGLVSAFK,1
ALNTLVKQLSSNFGAISSVLNDILSRLDKVEAEVQIDRL,1
KIPCGESCVWIPCVTSIFNCKCKENKVCYHD,1
DFASCHTNGGICLPNRCPGHMIQIGICFRPRVKCCRSW,1
LFGSVKAWFKGAKKGFQDYRYQKDMAKMNKRYGPNWQQRGGQEPPADAQANDQPP,1
GINASVVNIQKEIDRLNEVAKNLNESLIDL,1
KYYGNGVSCNKKGCSVDWGKAIGIIGNNSAANLATGGAAGWKS,1
TLKPIFKLPLGINITNFR,1
GWFKKAWRKVKNAGRRVLKGVGIHYGVGLI,1
YNYKYRYLRHGKLRPFERDI,1
GVTQNVLYENQKQIANQFNKAISQIQESLTTTSTALGKLQ,1
SPIHACRYQRGVCIPGPCRWPYYRVGSCGSGLKSCCVRNRWA,1
TDAVDCSQNPLAELKCSVKSF,1
FNKAISQIQESLTTTSTALGKLQDVVNQNAQALNTLVKQL,1
NQKQIANQFNKAISQIQESLTTTSTALGKLQDVVNQNAQALNTLVKQLSSNFGAISSVLNDILSRLDKVEAEVQIDRLIT,1
GSVLNCGETCLLGTCYTTGCTCNKYRVCTKD,1
FKPSSPPSITLW,1
STSQKSIVAYTM,1
GSHMGDAQDKLKYLVKQLERALRELKKSLDELERSLEELEKNPSEDALVENNRLNVENNKIIVEVLRIILELAKASAKLA,1
VSFPWSCAALSGVCRQGACLPSELYFGPLGCGKGSLCCVSYFL,1
ISGINASVVNIQEEIKKLNEEAKKLNESLIDLQEL,1
ELDSFKEELDKYFKNHTSPDVDLGDISGINASVVNIQKEIDRLNEVAKNLNESLIDLQEL,1
INASVVNIQKEIDRLNEVAKNLNESLIDLQELGKYEQYI,1
YKGYQPIDVVRDLPSGFNTL,1
GIGVTQNVLYENQKQIANQF,1
GFLYVYKGYQPI,1
FKNHTSPDVDLGDISGINASVVNIQKEIDRLNEVAKNLNES,1
GVIPCGESCVFIPCISTLLGCSCKNKVCYRN,1
PKEELDKYFKNHTSPDVDLGDISGINASVVNIQKEIDRLNEVAKNLNESLIDLQELGKYE,1
GYHLMSFPQAAPHGVVFLHVTW,1
KTCENLADTFRGPCFATSNC,1
NCVKMLCTHTGTGQAITVTP,1
FFGWLIRGAIHAGKAIHGLIHRRRH,1
NGAICWGPCPTAFRQIGNCGRFRVRCCRIR,1
ELDSPKEELDKYFKNHTSPDVDLGDISGINASVVNIQKEIDRLNEVAKNLNESLID,1
IDRLNEVAKNLNESLIDLQELGKYEQYIKWPW,1
IEEINKKVEEIQKKIEELNKKAEELNKKLEELQKK,1
ACYCRIGACVSGERLTGACGLNGRIYRLCCR,1
AYRFNGIQVTQNVLYENQKQIANQFNKAISQIQESLTTTSTALGKLQDVVNQNAQALNTLVKQLSSNFGAISSVLNDILSRLDKVEAEVQIDRLIT,1
ALWMTLLKKVLKAAAKAALNAVLVGANA,1
CPSSPFNHC,0
INFYDPLVFPSDEFDASISQVNEKINQSLAFIRKS,0
DTRACDVIALL,0
MKTQFVILLVALVLFQMFAQSEAIFSAIGGFLKSIFGKRGLQDLDMDDLDQLFDGEISQADINFLNQLMR,0
SISCGESCAMISFCFTEVIGCSCKNKVCYLN,0
SWLRDIWRWICKVLSRFK,0
GRRRRSVQWCAVSQPEATKCFQWQRNMRKVRGPPVSCIKRDSPIQCI,0
NRRPQDVKFPGGGQIVGGVYL,0
KKKKLLLPFLFFF,0
CQSQNHNTC,0
TDVILMCFSIDSADSLENI,0
KQRQNKPPSKPNNDFHFEVFNFVPCSICSNNPTCWAICKRI,0
PLVFPSDEFDASISQVNEKINQSLAFIRKSDELLH,0
ADGSRSSLLGRMKGA,0
GSCDGFRVCYMH,0
ILGKFCDEIKRIV,0
LGRVAIAWCELQNHE,0
CPPGKSSMC,0
DLEVVAATYV,0
IEKLKEAIRDTNKAVQSVQSSIGNLIVAIKSVQDY,0
KKKKVVAATYVLK,0
CNANKPKMC,0
KKKKVVLATYVLF,0
QPGYPWPLYGNEGCGWAG,0
DAILHTPGCVPCVREGNA,0
TNDCPNSSVVYEAADAIL,0
CKFCYGSAQCPTFLFIVRLLRFVWV,0
YLHRIDLGPPISLERLDVGTNLGNAIAKLEDAKEL,0
DLKYNPSRVEAFHRY,0
GIGGVLLSAGKAALKGLAKVLAEKYAN,0
RRKKAAVALLPA,0
ILSYLWNGIKSIF,0
AVSKVLHLEGEVNKIALLSTNKAVVSLSNGVSV,0
DPLVFPSDEFDASISQVNEKINQSLAFIRKSDELL,0
SWSTLTANQNPSPPWSKLTY,0
ILMCFS,0
KQLSYCTDPLQIPLINYTFG,0
CGYKRC,0
RRKKLPAVLLALLAP,0
KRKRFAKKFLRFLRKVIRFLKRFIRRF,0
RLASWSVKQANLTTSLLGDLLDDVT,0
DCYCRIPACIAGERRYGTCIYQGRLWAFCC,0
CDATSAQVC,0
VRLASHLRKLRKRLLRDADDLIRLQAEAFQARLKSWFEPLV,0
QIPLINYTFGPNQTCMWNTS,0
CHARNSTQC,0
CSHLPPNRC,0
WDWICEVLSDFK,0
TIRLESEVTAIKNALKKTNEAVSTLGNGVRVLATAVRELKDFV,0
RGGRLCYCRPRFCVCVGR,0
RGILRNWYNPFAGLRQSLEQ,0
PLSPPLRNTHPQAMQWNSTTF,0
CNPMHSRTC,0
AQITAAVALVEAKQARSDIEKLKEAIRDTNKAVQS,0
SSVITSLGAIVSCYGKT,0
NVALDQVFESIENSQALVDQSNRILSSA,0
KNKKPKNPTPPRPAG,0
INWDILIDTIKDKL,0
GELGRPVYVLGDPGYYAT,0
ATCYCRTGRCATRESRSGVCEISGRLYRLCCR,0
RRKKLLALLAP,0
MLYLIIYDVPATKAGNKRRTRLFDLLSGYGKWRQFSVFECFLSVKQFAKLQTAMEKLIKLDEDAVCIYVLDENTVQRTITYGTPQPEKPGSIII,0
ILMCFSINSPNSLQN,0
TDVILMCFSIDSPDSL,0
VSFAIKWEYVLL,0
ADGALLGRMKPA,0
CPGNWWSTC,0
CKHHNWWTC,0
QKKIRVRL,0
RARRSLLIASALCTSDVAAATNADLRTALARADHQKTLFWL,0
KKKKVGAATYVLV,0
TSAQITAAVALVEAKQARSDIEKLKEAIRDTNKAV,0
RVGRNPNQVGD,0
CSPLLRTVC,0
KKKKVVAATYVLKK,0
TATQCRIRGGFCRVGSCRFPHIAIGKCATFISCCGRAYEVDALNSVRTSPWLLAPGNNPH,0
SRPGACYSRPLVSFR,0
ILGEIWKGIKDIL,0
CTNRHAAGC,0
KKKKLLLPFYVFF,0
PPDQTTYPSAECPPPPLVSILLIGLWLH,0
MDVNPT,0
ILMCFSI,0
YEALVASILGKLSGLWHSDTVDFMGHTCHIRRRPKFRKFKLYHEGKFWCPGWTHLEGNSRTKSRSGSARDAIKDFVYKALQNKLITENNAAAWLK,0
KIMAKPSKFYEQLRGR,0
MTGRLISWWWSL,0
ILMCFSIDSPDSL,0
DASISQVNEKINQSLAFIRKSDELLHNVNAGKSTT,0
GYHGGHGGHGGGYNGGGGHGGHGGGYNGGGHHGGGGHG,0
SWLRDIWDWIREVLSDFK,0
RGILIHNTIFGEQVF,0
QSPPAIPALGTNVKK,0
GSHTEHTTYAADRFK,0
DAEFRHDSGYEVHHQKLVFFAEDVGSNKGAIIGLMVGGVV,0
CSAAERLNC,0
EARKLNPNAIASVTV,0
SSPLAHYLNAPT,0
CNPYNTSMC,0
SWLRDIWDWKCEVLSDFK,0
ITIELSNIKENKCNGTDAKVKLIKQELDKYKNAVT,0
SWRLIDWDWICEVLSDFK,0
GCVPCVREGNASRCWVAV,0
IPLRGAFINGRWDSQCHRFSNGAIACA,0
FKAIWSGIKSLF,0
AKITFTNNHPRTIWP,0
CYETKTHSC,0
DVKFPGGGQIVGGVYL,0
NRRPQDVKFPGGGQIVGGV,0
SIWRDWVDLICEFLSDWK,0
CTDNALKAC,0
PRPAGDNATVAAGHA,0
KKKKVVAPFYVLV,0
SWLRDVWDWICTVLTDFK,0
KKKKVLLATYVLV,0
CTARYTQHC,0
LDCWVRLGRYLLRRLKTPFTRL,0
KWKVFKKIEKMGRNIRNGIVKAGPAIAVLGEAKAL,0
ALWKNMLKGIGKLAGKAALGAVKKLVGAES,0
CSGVINTTC,0
LLDCWVRLGRYLLRRLKTPFT,0
MFLYVIAYDIPDDRRRKKMADLLEGYGQRVQYSVFECTLSKSKFNELQKRLRKIYQSEEDSLRFYPLSGHTLTQVDIWGEPPLTKPPGSVIV,0
NKSLLTEVETPIRNEWGCRCNDSSD,0
CTQKNIAAC,0
GAIVSTALPQWRIYSYAG,0
MKHWRLVSYDIREPKRLRRVAKIMEGFGERIQYSVFRIYSTDKELEKLRWKLAKVTEEEDNIFYLTLCTKCASGAHTQEKKSAWPEAPKTLKIL,0
ISLERLDVGTNLGNAIAKLEDAKELLESSDQILRSM,0
MAVGLVLCDWWLGEYLLEA,0
KKKKVVAATPVLV,0
GVLLLILCLPTLVDCIRNCI,0
VANDPIDISIELNKAKSDLEESKEWIRRSNQKLDSD,0
TDVILMCFSI,0
SVERIKTTSSIEFAR,0
NPTCWAICKRIPNKK,0
GKTKCTASNKNRGIIKT,0
ASANASVERIKTTSS,0
VYINKLTPPCGTMYYACEAV,0
KVLTTGLPALISWIKRKRQQ,0
KKKKLLLPFLVFF,0
PIDISIELNKAKSDLEESKEWIRRSNQKLDSIGNW,0
SGTKMACPSNRGILRNWYNP,0
SWLRDIWDWICE,0
CHGSTKWAC,0
RRKKLAALPLVLAAPLAVLA,0
LMRIRQMMT,0
GLLGVLGSVAKHVLPHVVPVIAEHL,0
VRLGSISVIGIVRGKK,0
RIGRNPSQVGD,0
RRKKAAV,0
KKKKLLLPFYFFV,0
CRDTTPWWC,0
KPPSKPNNDFHFEVFNFVPCSICSNNPTCWAICKRI,0
IFKAIWSGIKSLF,0
CTPTVTRSC,0
TDVILMCASIDSPDSLENI,0
RRKKLALLAP,0
LQKWEDWVRWIGNIPQYLKG,0
AKQARSDIEKLKEAIRDTNKAVQSVQSSIGNLIVA,0
LGASWHRPDKCCLGYQKRPLPQVLLSSWYPTSQLCSKPGVIFLTKRGRQVCADKSKDWVKKLMQQLPVTAR,0
PSVCTMTKWQEVDEM,0
LLDCWVRLGRYLLRRLK,0
GRKRRQTSMTDFYHS,0
SGSWLRDIWDWICEVLSDFK,0
HRILMRIRQMMA,0
PPLFEDTPMVNSIPPLRVRLFLLRLVFH,0
SWLRDIWDWICEVLSDFKTW,0
CLGIGSCNNFAGCGYAVVCFW,0
CRSLTDNQC,0
TVSSGADTEDVVC,0
CATCIADHRSH,0
ALGVATSAQITAAVALVEAKQARSDIEKLKEAIRD,0
SSFDPVKFPEDQFNVALDQVFESIENSQALVDQSNRILSSAEK,0
PPSHRTTPASRSLPPLRVFVVLSFSGVHLNKIRIRAREIYES,0
FDASISQVNEKINQSLAFIRKSDELLHNVNAGKSI,0
AESTTPCSGSYLKA,0
CYSRPLVSFRYEDQG,0
CTNPATPFC,0
VSFAIKWEYVLLL,0
EQCREEEDDR,0
GVVDTLKNLLMGLL,0
MFTMKKSLLLLFFLGTINLSFCQEETNAEEERRDEEVAKMEEIKRGLLSGPRCGEESTMWT,0
MLVLVTYDVNTETPAGRRRLRRIAKTCQNYGQRVQFSVFECNVDPAQWVKLRSKLLNEMDPKLDSLRFYFLGSNWQGRVEHEGAKEPRDLEGTLIL,0
CSPLQIPYC,0
QIVGGVYLLPRRGPRLGV,0
CLQHNEREC,0
ADLEVVAATYVLDD,0
TCRYWCKTPENQTYCCEDEREIPSKVGLKPGKCPPVRPVCPPTRGFFEPPKTCSNDGSCYGADKCCFDRCLGEHVCKPIQTRG,0
YKFACPECPKRFMRSDHLSKHITLHELLGEERR,0
CLGVGSCNDFAGCGYAIVCFW,0
CNQSTLLTC,0
ANSVACRDGLRAQAECRNTTHLLQRQLTRTQDSLLQAETQANSCNLTVVTLQESLEKKVSQALEQQARIKELENEVTKLNQELENLRIQKETSSTVQVN,0
HVDKKVADKVLLLKQLRIMRLLTRL,0
TAVILMCFSIDSPDSLENI,0
CWVRLGRYLLRRLKTPFT,0
SWLRDIWDWLCELLSDFK,0
TARLQLEARLQHLVAEILEREQSLA,0
WVRLGRYLLRRLKTPFTR,0
FNVALDQVFESIENSQALVDQSNRILSSAEKGNTG,0
EWERKVDFLEENITALLEEAQIQQEKNMYELQKLN,0
NIAGNWSCTSDLPSSWGYMN,0
ILGAILPLVSGLLSSKL,0
SWGPTDPRRRSRNLGKVI,0
CNTKNFHSC,0
ANFYVCPPPTGATVV,0
FKCRRWQWRMKKLGAPSITCVRRAF,0
VATRDGKLPTTQLRRHID,0
RIDLGPPISLERLDVGTNLGNAIAKLEAKELLES,0
ELLFDGTNPSTEEMGDDFRSGLCPFDTSPV,0
RHEIKDSGLLDYTEV,0
ACFPWGNQWCGGK,0
GMVTQYHQVLATHQEAIEKV,0
DDSVVSAAMSYSHA,0
MQYKINMYAIVVYDVNVSRQNQIREFLRKYLYHVQRSVFEGEISPSSLYYMKKILQSYIGETDSLIIYVLRDKSCLMDKIVLGEDKDLQIY,0
PRPISYLKGSSGGPL,0
MFTLKKSLLLLFFLGTINLSLCQDVTNAEEERRDEEVAKMEEIKRGLLRPPRCGEAYSMWT,0
CGLKTNPAC,0
AGALMFAWLLLGLQGIFN,0
CRCCELKSLCPTLMRVVRLLGLVLL,0
ARILMRIRQMMT,0
TWFNPFGYYSWA,0
MANAGLQLLGFILAFL,0
MANAGLQLLGFILAFLGWIGAIVS,0
RAVWRHSVATPSHSV,0
AIRDTNKAVQSVQSSIGNLIVAIKSVQDYVNKEIV,0
VTTAQETKRGRIQTKKEVSI,0
ALLPRMKG,0
PYKFKATMYYKDVTV,0
RVAAAAITWVPKPNVEVWPVDPPPPVNFNKTAEQEYGDKEVKLPHW,0
GLFSVLGAVAKHVLPHVVPVIAEK,0
GCASRCKAKCAGRRCKGWASAFRGRCYCKCFRC,0
GSRVQIRCRFRNSTR,0
CSTNPPTQC,0
CATCEQIADSQHRSHRQMV,0
PVPFEEVIDKINAKG,0
IGVRPGKLDL,0
WEDWARWI,0
CFNTHTANC,0
FHCQRTQSQPGSWFRAISSWKQ,0
CKTGHMRIC,0
PWLKPGDLDL,0
PPLYGRDPTTRRMPHLLLRCCLLRLVVH,0
RSDIEKLKEAIRDTNKAVQSVQSSIGNLIVAIKSV,0
MSTNPKPQRKTKRNTNRRPQDVKFPGGGQIVGGVY,0
GICRCICGRRICRCICGR,0
KKKKVVAATEVLV,0
GGTIFDCGESCFLGTCYTAGCSCGNWGLCYGTN,0
KKKKVVAATYVFF,0
FDLGGLIKGVVDLF,0
NEYHGFVDKANNENKRKKQQGRDDFVVKPNNFANRRRKDDYNENYYDDVDAADVV,0
FLPIVAKLLSGLL,0
CHLLLPRPC,0
GWWNQMAYYNSCKWEEAKVK,0
YTPNITLNNSVALDPIDISIELNKAKSDLEESKE,0
CLTDRHRTC,0
DWLKAFYDKVAEKLKEAF,0
TDVILMCFSADSPDSLENI,0
PPISLERLDVGTNLGNAIAKLEAKELLESSDQIL,0
MKTFSVAVAVAIVLAFICTQESSALPVTGVEELVELVSSDDPVADHQELPVELGERLFNIRKKRASPKCTPYCYPTRDGVFCGVRCDF,0
ADGTLLGRMKLA,0
AKLKVVAATYVKKK,0
CTSMAYHHC,0
GLASTLTRWAHYNALIRAF,0
KKKKVVATTYVLV,0
GGTIFDCGETCFLGTCYTAGCSCGNWGLCYGTN,0
CEWTESMMC,0
CTPDKKSFC,0
MLIIVTYDVSTETRAGRKRLRRVAKLCESIGQRVQKSVFECRINLMQYEELERRLLSEIDEQEDNLRLYRLTEPAELHVKEYGNFKAIDFEGPLTI,0
ANTAFVSSAHNTQKIPAGAPFNRNLRAMLADLRQNAAFAG,0
KPPSKPNNDFHFEVFNFVP,0
AVWKDFLKNIGKAAGKAVLNSVTDMVNE,0
GSWLRDIWDWICEVLSDFK,0
RGGSVVIVGRIILSGRK,0
ASLRVRIKKQ,0
DWVAVKQSYF,0
KKKKVLAATYFLV,0
WLVFFVRRKK,0
KKKKVLLPFLFFF,0
MDFWLVCYDVRDDKRRRKLAKLLEQRCQRVQYSVFECPLPEKVLTDLLHRRWLKELNLKEDSLRAYPLQRQSRSQAKIFGSPDLYEPPDFLIL,0
MDVNPTLLFLKVPAQ,0
PISLERLDVGTNLGNAIAKLEDAKELLESSDQILR,0
RRCPTRPEGQNYTEG,0
NQGRHFSGGALIHARFVMTAASSFQ,0
ALDKAEESNSKADKVNVKLT,0
NELRLTRDAIEPCTV,0
ARATCYCRTGRCATRESLSGVCEISGRLYRLCCR,0
GIGTKILGGVKTALKGALKELASTYAN,0
TSDVAAATNADLRTALARADHQKTLFWL,0
IELNKAKSDLEESKEWIRRSNQKLDSIGNWHQSS,0
KKKKLLLPTYFFF,0
TKRNTNRRPQDVKFPGGGQIVGGVYL,0
QWGYGGYGRGYGGYGGYGRGYGGYGRGYGGYGRGMWGRPYGGYGWGK,0
AAPTGDPKPKKNKKP,0
SVSVGTKPRPRP,0
ADGMHRSLLGRMKGA,0
PQMELRRNGRQCGMSEKEEE,0
PISLERLDVGTNLGNAIAKLEAKELLESSDQILR,0
AGKRKSG,0
KKKKVTAATYVLV,0
YADHTGLVRDNMAKLRERLKQRQQLFDSQQGWFEGWFNRSPWFTT,0
RRKKAAVALLPAVLLAKLAP,0
NILRLKESITATIEAVHEVTDGLS,0
KKKKVFAATYVLV,0
MSMLVVVTENVPPRLRGRLAIWLLEVRAGVYVGDVSAKIREMIWEQIAGLAEEGNVVMAWATNTETGFEFQTFGLNRRTPVDLDGLRLVSFLPV,0
TARLQLEARLQHLVAEILEREQSLALHALGYQLAFV,0
KKKKVLAPFLFFF,0
KKKKVVAFTYVLV,0
CQLPAERWC,0
MILVTYDVNTVEPGGRRRLRQVAKACQDYGQRVQNSVFEVEVDPARWVALKARLEAIIDPALDSLRYYDLGANWQRRVDHVGAKPAVDLHGPLIL,0
CKPDAISVC,0
RRKKAAVALLKAVLLALAAP,0
KKKKFVAATYVLV,0
VDARSVYPYDEFVLA,0
CATCQIADSHRSHRQMV,0
CHVLDPHLC,0
VGNWAKVLVVLLLFAGVD,0
CIVEEVDARSVYPYD,0
TLKNRYYEPRDSYFQQYMLKGEYQYWFDLD,0
RICRCICGRRICRCICGR,0
PEDQFNVALDQVFESIENSQALVDQSNRILSSAEKGNTG,0
FLDSKAELEKARKILSEVGRWY,0
RRRRRRRR,0
LERLDVGTNLGNAIAKLEAKELLESSDQILRSMK,0
ADKEVVAATYVKKK,0
AKTIRLESEVTAIKNALKKTNEAVSTLGNGVRVLATAVRELKDFVSKN,0
PIDISIELNKAKSDLEESKEWIRRSNQKLDSIGN,0
LHRIDLGPPISLERLDVGTNLGNAIAKLEAKELL,0
KKKKLVLPFLFVF,0
CYSLLPRVC,0
IAVVFKENIAPYKFK,0
GPPISLERLDVGTNLGNAIAKLEDAKELLESSDQI,0
ACYCRIPACLAGERRYGTCIYQGRLWAFCC,0
SWLRDIWDWICEVLSDFKT,0
GVATSAQITAAVALVEAKQARSDIEKLKEAIRDTN,0
MYIVVVYDVGVERVNKVKKFLRMHLNWVQNSVFEGEVTLAEFERIKEGLKKIIDENSDSVIIYKLRSMPPRETLGIEKNPIEEII,0
KKKKVVAETYVLV,0
CGKRKLC,0
SISCSRGLVCLLPRLTNESGNDRFDS,0
IELSNIKENKCNGTDAKVKLIKQELDKYKNAVTEL,0
GIPCGESCVFIPCITSVAGCSCKSKVCYRN,0
GQPEEGAPCQVVLQGA,0
LKEAIRDTNKAVQSVQSSIGNLIVAIKSVQDYVNK,0
MDVNPTLLFIDVPAQ,0
RRKKAAVAELPAVLLALLAP,0
SDHSESIQKKFQLMKEHVNKIGVDS,0
DITLNNSVALDPIDISIELNKAKSDLEESKEWIRR,0
SWLRDIWDWLCEVLSDFK,0
CVNSPPTMC,0
EEYAYSHQLSRADIT,0
AIKWEYVLLLFLL,0
CHGKAALAC,0
RRGRTGRGRRGIYR,0
RCICTTRTCRFPYRRLGTCLFQNRVYTFCC,0
GDPTFCGETCRVIPVCTYSAALGCTCDDRSDGLCKRN,0
VVCACRRALCLPLERRAGFCRIRGRIHPLCCRR,0
HRILMRIRQMAT,0
ADLEVVAATYVKKK,0
HRIDLGPPISLERLDVGTNLGNAIAKLEAKELLE,0
CHADQLPMC,0
CPHDPNHPC,0
CSLHSHKGC,0
CICCCMCVLYAVLWWLSVLVSLCELLIRSEFELERSMNRRY,0
LDPIDISIELNKAKSDLEESKEWIRRSNQKLDSIG,0
PKRKAEGDAKGDKAKVKDEPQRRSARLSAKPAPPKPEPKPKKAPAKKGEKVPKGKKGKADAGKEGNNPAENGDAKTDQAQKAEGAGDAK,0
CHPSKALQC,0
CDSCERCWYVWLILLRVRLRLLVSL,0
GLLGLLGSVVSHVVPAIVGHF,0
VSTALPQWRIYSYAGDNI,0
RNKSNLHTEARFRIRCRWNV,0
FSSDAISTTFTTNLT,0
CLALNMSYC,0
FKVKAKVKAKVKAKVKAKKKK,0
YQFHLVLHEALRAQALSRQLILGRELAQELVAELAT,0
SSSTSTQVQILSNAL,0
ALWKTMLKKLGTMALHAGKAALGAAADTISQGTQ,0
MDVNPTLLFLKVPAQNAIST,0
HRILMRIRAMMT,0
VALVEAKQARSDIEKLKEAIRDTNKAVQSVQSSIG,0
RCICTRGFCRCICTRGFC,0
KIPCGESCVWIPCVTSIFNCKCENKVCYHD,0
EEESEVAHLRVRRGFGCPLNQGACHRHCRSIRRRGGYCSGIIKQTCTCYRN,0
CPSNVNNIC,0
LGVATSAQITAAVALVEAKQARSDIEKLKEAIRDT,0
YDPLVFPSDEFDASISQVNEKINQSLAFIRKSDEL,0
GILTDTLKGAAKNVAGVLLDKLKCKITGGC,0
CGYKGC,0
GLLSVLGSVAQHVLPHVVPVIAEHL,0
PNQTCMWNTSQIQDPEIPKC,0
RRKKAAVALLPAVLLAELAP,0
IFKAIWSGIKRLC,0
CRVTQTHTC,0
LRDIKAENTDANFYV,0
IEFARLQFTYNHIQR,0
KKNEEIIKKLEETKKNEEKNKKSEEILKKLEELRKK,0
MNINPTLLFLKVPIQ,0
LHDLRFADIDTVIHA,0
CHPGSSSRC,0
CATCEQIADSQHRSH,0
WEDWVR,0
ANDPQCLYGNVAAKF,0
QKKIRWRLSA,0
GGLRSLGRKILRAWKKYGPIIVPIIRIG,0
RRWCFRVCYRGFCYRKCR,0
KPNNDFHFEVFNFVPCSICSNNPTCWAICKRI,0
DTRACDVIPLL,0
CTKYWARNC,0
RRKKAAVALLPAVKLALLAP,0
KKKKLVAAFYVLV,0
KKKKVVAATYVLV,0
CYATTLGAC,0
PVLQPALSLSCGPEPLLLSC,0
VPCSICSNNPTCWAICKRIPNKKPGKK,0
IGNIPQYLKGLLGGILGIGL,0
HRILMAIRQMMT,0
YAGAVVNDLL,0
KKKKLLLPFLFLV,0
SMIENLEYM,0
RRGRIGRNPSQVGD,0
ATCYCRRGRCATRESLSGVCEISGRLYRLCCR,0
LNNSVALDPIDISIELNKAKSDLEESKEWIRRSNQ,0
PPRGAHRPNSTVVLHLVIRLCLLRFVVH,0
GIKYFSMVGNWAKVLVVL,0
ALWKTMLKKLGTVALHAGKAALGAAADTISQ,0
RRKKAAVAL,0
HCIYATTNDALIFSV,0
MVVTVYLLIVYDVGVERVNRVKSYLRTELHWVQNSVFEGEVTESQFRRIETNLERIIDRERDSVIIYSFRSERAMNRNVLGLEKSPLDVIL,0
LRSRTKIIRIRH,0
KKKKVVLPTYVLV,0
KKKKVVAATYVPV,0
GWWYKGRARAVSAVA,0
AKDEMEECASHLPYEA,0
AWDFGSIGGVFTSVGKLVHQVFGTAYGVL,0
EPDSVSIPITCCFNVINRKIPIQRLESYTRITNIQCPKEAVIFKTQRGKEVCADPKERWVRDSMKHLDQIFQNLKP,0
VRLGRYLLRRLKTPFTRL,0
RRKKLLPAVLLALLAP,0
WSFFSNI,0
TDVILMCFSIDSPASLENI,0
CSQWLQGS,0
MRLPYLVCYDISDEGRLNRVYRFMKGKGFHIQYSVFYCILTDVELKEMKAEILKLIHSRYDDVRIYPLPNNSLVAVLGVGDRIPDGVEVFY,0
YGRKKRRQRRRGSGIEPHDWTKNITDKIDQIIHDFVDK,0
VEGQLGENNELRLTRDAIE,0
IAWCELQNHELTLWN,0
TFLVHREWFMDLNLPWSSAGSTVWR,0
GSPRTEYEACRVRCQVAEHGVERQRRCQQVCEKRLREREGRRE,0
PATPAPPPLGAAPTG,0
HGLASTLTRWAHYNALIRAF,0
CNLMGNPHC,0
SMRISSRPGACYSRP,0
ATCRKPSMYFSGACFSDTNCQKACNREDWPNGKCLVGFKCECQRPC,0
YQSTCSAVSKGYLSALR,0
DCIGKDARDAMDRIF,0
GWFEGWFNRSPWFTT,0
DQYLESVKKIHKRLDV,0
NFYDPLVFPSDEFDASISQVNEKINQSLAFIRKSD,0
NQGRHFCGGALIHARFVMTAASCFQ,0
VKFPGGGQIVGGVYLLPR,0
CTPLSTLQC,0
VSRRYLASLHKKALPTSVTFELLFDGTNPS,0
GLPVCGETCFGGTCNTPGCTCDPWPVCTRN,0
CLALRHSNC,0
ASVTVGRRVSARMLG,0
CSGSETKVC,0
MNINPTLLFLKVPAQ,0
MRELYLVIAYDTPDDRRRARLAKLLKGFGERRQYSVFEARLTREQWAHLKGKLEALVNKEEDVLAVYFLPPEAVGRTWRIGHEGLKRLEDPDFV,0
LGPPISLERLDVGTNLGNAIAKLEAKELLESSDQ,0
PPVYTKDVDISSQISSMNQSLQQSKDYIKEAQKILDTVNPSL,0
ILGPVISTIGGVLGGLLKNL,0
ATHTICDRNHTW,0
GLWRFWFGDFLT,0
MPEVEGEEIQPQMELRRNGR,0
MYVVVAYDITEDEVRNKVADALKAYGLERIQRSVFVGRINPALLKDLVERLKRITKGANADITIFKVDRRAIDTAIRIGPPPPARKNVDLY,0
KKKKVVAATYVLP,0
GWFDVVKHIASAV,0
YPYYPGEARGAP,0
FHRKKGRGKHK,0
ADRFKQVDGFYARDL,0
RADITTVSTFIDLNI,0
KKKKLLLAFLFFF,0
ACFPWGKEYCGGK,0
KKKKVVAAFYVLF,0
QGWEAVAAAVASKIVGLWRNEKTELLGHECKFTVKPYLKRFQVYYKGRMWCPGWTAIRGEASTRSQSGVAGKTAKDFVRKAFQKGLISQQEANQWLSS,0
LPRRLHLEPAFLPYSVKAHE,0
CHRCFHFRRHPVAVF,0
PTLLFLKVPAQNAISTTFPYT,0
ISTTFTTNLTEYPLS,0
WLVFFVIAYFAR,0
LTLWNEARKLNPNAI,0
KKKKVVAPTLVLV,0
EKYTEAPEYI,0
CLKNWFQPC,0
ARRAWRRARRAARRARRAARR,0
CLHKPWSRC,0
KWEYVLLLFLL,0
FLFNVIPHAINATASLIKK,0
TGPEFPGRPTRP,0
NDITLNNSVALDPIDISIELNKAKSDLEESKEWIR,0
LLDCWVRLGRYLLRRLKTP,0
KKKKVEAATYVLV,0
KKKKVLAATYVLV,0
CNCTNSSSSYSGTKMACPSNRG,0
KQRQQLFDSQQGWFEGWFNRSPWFT,0
KKKKVVAATYVLL,0
WEIHHINKFAQAYSSYSRVIGGTVFVA,0
FAKKFAKKFKKFAKKFAKFAFAF,0
CINASHAHC,0
MANAGLQLLGFILAFLGWIG,0
EKLKEAIRDTNKAVQSVQSSIGNLIVAIKSVQDYV,0
PPISLERLDVGTNLGNAIAKLEDAKELLESSDQIL,0
TWLATRGLLRSPGRYVYFSPSASTWPVGIWTTGELVLGCDAAL,0
AAHLIDALYAEFLGGRVLTT,0
VSVIVPDYQCYLDRVDTWLQ,0
DPIDISIELNKAKSDLEESKEWIRRSNQKLDSIG,0
GRRRRSVQWCAVSQPEATKCFQWQRNMRKVRGPPVSCIKRDSPIQCIQA,0
YARDLTTKARATAPT,0
AWDFGSVGGVLNSLGKMVHQIFGSAYTAL,0
CRHNNLHHC,0
CSASTESLC,0
FAIAIKAIKKAIKKIKKAIKKAI,0
QYGYGPMMGGYGPGMMGGYGPGMMGGYGPGMMGGYGPGMMGGYGMSPMYGGYGMYRPGLLGMLLG,0
SLLGRMK,0
STCVPVAADNVIVQN,0
CQGSPYRHC,0
GIPCGESCVWIPCISAALGCSCKNKVCYRN,0
AAVALVEAKQARSDIEKLKEAIRDTNKAVQSVQSS,0
ACYCRIPACIAGERRYGTCIYQGRLWAFCC,0
YEIIMDIEQNNVQGKTGIQQ,0
GGFLIAYQPLLSNTL,0
AWLVHRQWFLDLPLPWLPG,0
TCGFADLMGYIPLVGAPL,0
VVCACRRALCLPRERRAGFCRIRGRIHPLCCRR,0
KKKKVVAATYVFVA,0
CGPSLRGVC,0
DDSVVSAAMSYSYA,0
KPPSKPNNDFHFEVFNFV,0
SQVWFGHRYSQFMGI,0
AKYTGKCTKSKNECKYKNDAGKDTFIKCPKFDNKKCTKDNNKCTVDTYNNAVDCD,0
PRHHWTTQDCNCSIYPGH,0
CDVIALLACHLNTPSF,0
GLLSSLSSVAKHVLPHVVPVIAEHL,0
MIWLAVYDIEDDGERAKASAILQAWGFVRVQRSFYVGRMPRGKAADLLKILQRHVKSGHIALIPITDELLAKALELGRPPYAPLKPPKYAQIYVV,0
FILAFLGWIGAIVSTALP,0
ADLEVVAATYKKKK,0
CSPGPHRVC,0
NHIQRHVNDMLGRVA,0
RRKKALLPAVLLALLAP,0
CSTTNATWC,0
MRVLYIIAYDITDARRLGQIRYFLKGYSTGGQKSVYECFLEREELKFIISKIKRLINPNEDRVHIFRIDGRSKVITLGIAVPPIDPEYFYIG,0
FFHHIFRGIVHVGKTIHKLVTG,0
GIPCAESCVWIPCTVTAIVGCSCSDKVCYN,0
TDVILMCFSIASPDSLENI,0
LKAKTNISIREGPTLGNWAR,0
TNRRPQDVKFPGGGQIVG,0
RGGRLCYCRGWICFCVGR,0
GVCRCLCRRGVCRCICRR,0
KKKKVVAATYKKKA,0
KKKKLLAPFLFFV,0
MYVVIVYDVGVERVNKVRSFLREYMNWVQNSVFEGELTKAEFLKIKSRLKELIQESSDHIIFYSSRDRKYLGIEDLGTPKADTSNII,0
WTDMFTAWWSTP,0
KKKKVVKATYVLV,0
RRLHLEPAFLPYSVKAHECC,0
DWVRWI,0
IIIVIIVILLSLIAVGL,0
VKKRRHGDEDMFYMH,0
KGSVVIVGRIILSGRK,0
KKKKVVAAAYVLV,0
DHILEPSIPWKSKLLTLVQL,0
DTRACDVIALLCHLNT,0
KVPAQNAISTTFPYT,0
YQCGQGG,0
CACIADHSH,0
AKDLEVVTSTYVLVEA,0
PLETLMAKAIDAGFIR,0
CTSTHTKTC,0
CRNTDTALC,0
MPYLIVTYDIAEERVNKVRKILKKYFMWVQNSVFEGEITEGKLLKCKLELEKVIDKEVDSVYFYSLENRLNYRKTVLGIEKEITGNIL,0
CNSPKGKPC,0
VHLEEILLLLFFLGTISLSLCEEERDADEEENEVSGYAANVNVKRCGYKHGRANCGRG,0
SCLTVPASAYQVRNSSGL,0
KKKKKVAATYVLV,0
GICRCICGRGICRCICGR,0
KKKKVVAATYVLT,0
KWCFRVCYRGICYRRCR,0
KKKKLVLAFLFFF,0
MDVNPYLLFLKVPAQ,0
HGNITLGEWYNQTKDLQQKF,0
CTDVYRPTC,0
TFWWHPNYYVDW,0
CIPMMTEFC,0
VATSAQITAAVALVEAKQARSDIEKLKEAIRDTNK,0
ISIELNKAKSDLEESKEWIRRSNQKLDSIGNWHQ,0
CLQHDALNC,0
CHTNASPHC,0
SAQITAAVALVEAKQARSDIEKLKEAIRDTNKAVQ,0
IDISIELNKAKSDLEESKEWIRRSNQKLDSIGNW,0
WEDWVRWA,0
MDVNPWLLFLKVPAQ,0
KKKKVVAPTYVLF,0
CPSHLDAFC,0
AIPALGTNVKKRRHG,0
DVMAVSTCVPVAADN,0
TLPRPGP,0
TAAGDARANAVAKAGLHDLNIETDTERNH,0
GEVNKIALLSTNKAVVSLSNGVSVLTSKVLDLK,0
KVDFLEENITALLEEAQIQQEKNMYELQKLNSWDV,0
GLFKVLGSVAKHLLPHVAPVIAEK,0
LSNIKENKCNGTDAKVKLIKQELDKYKNAVTELQL,0
KINNPVSCLRKGGRCWNRCIGNTRQIGSCGVPFLKCCKRK,0
LVTLEHQVLVIGLKVEAMEK,0
CHTKIFPNC,0
QVDGFYARDLTTKAR,0
GLFKVLGSVAKHLLPHVAPIIAEKL,0
VYPYDEFVLATGDFV,0
VFPSDEFDASISQVNEKINQSLAFIRKSDELLHNV,0
KKKKVVAATLVLF,0
CRTLPPILC,0
RRKKALLAP,0
GSIRTWFQRIPLGWFHCTYQKGKQHCRLRIRQKVEE,0
QWGYGPYGGYGGGYPGMYGGYGMRPYGMYGGYGMGMYRPGLLGMLIGK,0
NVQGKTGIQQLQKWEDWVRW,0
GSLLGRMKGA,0
CEEIRARLSTHLRKMRKRLMRDADDLQKRLAVY,0
DFRRLPGAFWQLRQP,0
RHIDLLVGSATLCSALYV,0
MMNWSPTAALVVAQLLRI,0
FAIKWEYVLLLFLL,0
KIPCGESCVWIPCLTSVFNCKCENKVCYHD,0
CRQSCSFGPFTFVCDGNTK,0
CPMSQNPTC,0
PSLFSWGFGS,0
RRKKAAVALLKAVLLAALAP,0
ADLEVVAATYVDVD,0
DDHETDMELKPANAA,0
KKKKLLLPFLVFV,0
RRKKAAVALLPAVALALLAP,0
QLQKWEDWVRWI,0
CDVIALLCHLNT,0
CSLRTYAAC,0
HRIDLGPPISLERLDVGTNLGNAIAKLEDAKELLE,0
CSLSSPRIC,0
CQATTARNC,0
PPGTGEEPEQAGLPPPELLVEPDYMWSPP,0
LVEAKQARSDIEKLKEAIRDTNKAVQSVQSSIGNL,0
GLVSDLLSTVTGLLGNLGGGGLKKI,0
CAGKRKSG,0
AGDNATVAAGHATLREHLRDIKAENTDAN,0
KNGRKLCLDLQAALY,0
PSRVEAFHRYGTTVN,0
ATHQEAIEKVTGALKINNLR,0
ADLEVVAATYVLDA,0
LNITNSHVSILQERPPLENRVL,0
AAGHATLREHLRDIK,0
VANDPIDISIELNKAKSDLEESKEWIRRSNQKLDSI,0
MQCLVIYDIPNDRARQRVADACLDYGLQRIQYSAFAGNLSRTHQRALFGEITRRVKGHTANVQLFVFDSKTWSDRRILEQQYDDA,0
QLGENNELRLTRDAI,0
ADLEVVAATYAAAA,0
CSPYAKHNC,0
MDVNPTLL,0
MFTLKKPLLLLFFLGTINLSLCQDETNAEEERRDEEVVKMEEIKRGLLSGILGAGKHIVCGLTGCAKA,0
LVVLLLFAGVDAETHVTG,0
KVDISSQISSMNQSLQQSKDYIKEAQRLLDTVNPSL,0
FKKIRVRL,0
ADGAHRSLLGRMKGA,0
RQLVLRTR,0
GIFPKIIGKGIVNGIKSLAKGVGMKVFKAGLNNIGNTGCNNRDEC,0
ILPWKWPWWPWRR,0
MDVNPFLLFLKVPAQ,0
KKKKVVAATYVKKA,0
FPSDEFDASISQVNEKINQSLAFIRKSDELLHNVN,0
NMTINQTIWNHGNITLGEWY,0
ILGPVLGLVSDTLDDVLGIL,0
CEHLSHAAC,0
HAILMRIRQMMT,0
SMIGGVMSKG,0
KKKKVVAATYFLV,0
VKSTGRADDDLAVKTKYLPP,0
IFGSIYHRKCVVKNRCETVSGHKTCKDLTCCRAVIFRHERPEVCRPQT,0
RRKKAAVALLPAVLLA,0
WEAWVRWI,0
CDQVAGYSC,0
ESGRIKKEEFAEIMKICSTIEELRRQK,0
HCSLAYGDASTLVVF,0
MDVNPTLLFLKVPAQNAI,0
TDVILMCFSIDSPDSAENI,0
GYVYFEEYAYSHQLS,0
DPVTCLKSGAICHPVFCPRRYKQIGTCGLPGTKCCKP,0
WEDWVRAI,0
GKVIDTLTCGFADLMGYI,0
VSFAIKWEYVLLLFL,0
KKKKVVAAEYVLV,0
ILMCFSIDSP,0
PLVEGQLGENNELRL,0
KKKKVVAATLVFV,0
KYKETDLLILFKDDYFAKKNEERK,0
STLPETTVVRRRGRSPRRRT,0
SWLRDIWDWICEVLSDFK,0
CTMLLFHRC,0
KDVTVSQVWFGHRYS,0
IFNSIYHRKCVVKNRCETVSGHKTCKDLTCCRAVIFRHERPEVCRPST,0
ITAAVALVEAKQARSDIEKLKEAIRDTNKAVQSVQ,0
FTFGGGYVYFEEYAY,0
GLWDTIKQAGKKIFLSVLDKIRCKVAGGC,0
DDSVVCAAMSYSHA,0
LRVRLASHLRKLRKRLLRDADDLQKRLAVY,0
GELGRLVYLLDGPGYDPIHCD,0
KKKKVVALTYVLV,0
QWGYGGYGRGYGGYGGYGRGMYGGYGRGMYGGYGRGMYGGWGK,0
MDVNPTLLFLKVPAQN,0
AVASVPRARGKYWWG,0
AVKRVGRRLKKLARKIARLGVAF,0
EGPTLGNWAREIWATLFKKA,0
DEMEECASHLPYK,0
AVSPTTLRTEVVKTFRRDKPFPHRMDCVTT,0
SFYSVLFLWGTCGGFSHSWY,0
LRSEYGGSFRFSSDA,0
ALLSTNKAVVSLSNGVSVLTSKVLDLKNYIDKQ,0
GATVVQFEQPRRCPT,0
GFSSIFRGVAKFASKGLGKDLARLGVNLVACKISKQC,0
ALDKAEESNSKADKVNVKAT,0
GFKRIVQRIKDFLRNLV,0
CTQCCAPSTCLNYRIFVGLLRFVVI,0
RGGRLCYCRRRFCICV,0
FADIDTVIHADANAA,0
TTVKVHASDERLGPMPCRPKEIVSSAGPVM,0
QKKIRVRLSW,0
DGSWSTVSSGADTED,0
GLMDSLKGLAATAGKTVLQGLLKTASCKLEKTC,0
EVNKIALLSTNKAVVSLSNGVSVLTSKVLDLKN,0
HTTYAADRFKQVDGF,0
KKKKVLAPTYVLV,0
PDYLLVPEEVMEYKPRRKRAAI,0
CEELRVRLASHLRKLRKRLLRDADDLQKRLAVY,0
CIRLQAEAFQARLKSWFEPLV,0
CPKLHPGGC,0
LQFTYNHIQRHVNDM,0
GWVKPAKLDG,0
KKKKVVAATYVFV,0
KKKKVVAATYVLG,0
SCTTCVCTCSCCTT,0
CKWEEAKVKFHCQRTQSQPGSW,0
PPGETPTPVSDLWPPPSYQGRPSRQGHPP,0
KKKKVVAATYELV,0
IRDTNKAVQSVQSSIGNLIVAIKSVQDYVNKEIVP,0
GWWYKGRARPVSAVA,0
PYVGSGLYRR,0
MVDRGWGNHAGLFGKGSIV,0
KKKKVLAAFYVLV,0
DASISQVNEKINQSLAFIRKSDELLHNVNAGKSIT,0
KKKKVVAATTVLV,0
GLQLLGFILAFLGWIGAI,0
CEKLHTASC,0
PPDTSLLPPVGLHLVVRLFLLRLSVH,0
ADGALLGRMKRA,0
AQIVKLGGDDGSLAFVPSKISVAAGEAIEFVNNAGFPHNIVFDEDAVPAGVDADAISYDDYLNSKGETVVRKLSTPGVYGVYCEPHAGAGMKMTITVQ,0
CSRNHILTC,0
MLHLVVYDISDDGSRARLAKLLEKFGLQRVQYSAFRGELNPNDREVLARQVGKFVRDDRDCIFIIPLCQRCSSTAIVISNTGVELVKEKGVEFV,0
FFVIFYRRKK,0
CFPWGC,0
GLPTCGETCFGGTCNTPGCTCDPWPVCTHN,0
MDRIFARRYNATHIK,0
CLQDMRQFC,0
NNLETTAFHRDDHET,0
KKKKLLLPTLFFV,0
SDWSLWECCSTGSLFACC,0
RRICRCICGRGICRCICG,0
AELYVREHLREQSRK,0
KKKKAVAATYVLV,0
YRWRGPTAAFLSLV,0
CPSHYTQAC,0
CFSIDSPDSLENI,0
PACQDFLGAMIHLKAKTNISIR,0
MYVIMVYDVNQRRINKVLNTARKYLEWIQNSVLEGEITEAKFEMLKREIEIIINEEEDSVIFYIMRTTKYSERQILGIEKNKREQIL,0
ADGSLLGRMKGAAG,0
YVREHGVPIHADKYFEQVLK,0
TRHRHVPRFLPLRHV,0
RFRIRCRWNVGSDTSLIDTC,0
CPWSTQYAC,0
VAADNVIVQNSMRIS,0
VSFAIKWEYVLLLF,0
SGGSNRSP,0
CPRSGTAYC,0
GELGRIPSDTYDLAVGALHCPFYLVSGLVYLDG,0
PPLASMSPLPATDPPPLEGAHPELGVPPP,0
LHRIDLGPPISLERLDVGTNLGNAIAKLEDAKELL,0
FLYTAFAMQELGCNQNQFFC,0
ALYVGDLCGSVFLVGQLF,0
VVTTRLFMSLVASVRNAFQSGYISFDEIIKTE,0
KVCYRAIPCGESCVWIPCISAAIGCSCKN,0
FKLRAKIKVRLRAKIKL,0
YTSVITIELSNIKENKCNGTDAKVKLIKQELDKYK,0
CGKRRC,0
CTYPYPKFC,0
FYDPLVFPSDEFDASISQVNEKINQSLAFIRKSDE,0
KKKKVVAATYVLFA,0
KTTSSIEFARLQFTY,0
NDFRSKT,0
AKKAAKKAKKAAKKAKKAAKK,0
AGAGTGATAIGMVTQYHQVL,0
ENGLHNRSLNPR,0
KKKKLLAPFLFFF,0
RGRRGIYR,0
KKKKLLLATLFFF,0
GILLNTLKGAAKNVAGVLLDKLKCKITGGC,0
LLSLINDMPITNDQKKL,0
SISNALNKLEESNRNLDKVNVKLT,0
ALDKLEESNSKLDKVNVKLT,0
KKKKLVAATYVLF,0
LWVGGGRNA,0
QRQQLFDSQQGWFEG,0
GGTIFDCGESCFLGTCYTKGCSCGEWKLCYGTN,0
CYRTQFTQC,0
RQMRAWGQDYQHGGMGYSC,0
ILMCFSIDSPD,0
SWLRDIWDWACEVLSDFK,0
SWLDRIWRWICKVLSRFE,0
CFLNITNSHVSILQEAPPLENAV,0
MTVKHLIVCYDVEKTKDRNKVIKVLEYYGLIRVQYSVFMGSLTETRLHQMNARIKREFTKPSIKILVIEVCNACMERALLVHEELPKVNRQFEVI,0
KKKKVLLAFLFFF,0
TRQCRRGRIWKRWNETITGP,0
MYNCSLQNGFTMKVDDLIVH,0
AKDLEVVCSTYVLVEA,0
VSKVLHLEGEVNKIALLSTNKAVVSLSNGVSVL,0
PEGRTWAQPGYPWPLYGN,0
ATYDGKCYKKDNICKYKAQSGKTAICKCYVKVCPRDGAKCEFDSYKGKCYC,0
QKKIRVRWSA,0
SWLDDIWDWICEVLSDFE,0
DLGPPISLERLDVGTNLGNAIAKLEDAKELLESSD,0
FHFEVFNFVPCSICSNNPTCWAICKRIPNKKPGKK,0
RLGVRATRKTSERSQPRG,0
GRRRRSVQWCAVSQPEATKCFQW,0
RRKKAAVALLPAVLLALEAP,0
GIGDPVTCLKSGAICHPVFCPRRYKQIGTCGLPGTKCCKKP,0
SVALDPIDISIELNKAKSDLEESKEWIRRSNQKL,0
SIGAKILGGVKTFFKGALKELASTYLQ,0
KKKKLLAAFLFFF,0
VRLASHLRKLRKRLLRDADDLQKRLAVY,0
GLLSVLGSVVKHVIPHVVPVIAEHL,0
TLNNSVALDPIDISIELNKAKSDLEESKEWIRRSN,0
CQSQTRNHC,0
CKSLGSSQC,0
STLPLPP,0
KSLLTEVETPIRGSLLTEVETPIR,0
GGWTQWWWTAFY,0
PPLVVPVEESEIIFWDCWAPEE,0
ADLEVVAATYVLVD,0
CHQLMQNLC,0
RRKKVALLPAVLLALLAP,0
SVSVGMKPSPRP,0
QKKIRVRISA,0
EYPLSRVDLGDCIGK,0
GLMDTVKNVAKNLAGHMLDKLKCKITGC,0
LSNIKKIKCNGTDAKVK,0
CSICSNNPTCWAICKRIPNKKPGKK,0
FFHHIFRGIVHVGKTIHRLVTG,0
ILMAFSIDSPDSLEN,0
GIPCAESCVWIPCTVTALVGCSCSDKVCYN,0
LPTTQLRRHIDLLVGSAT,0
ALQELLGQWLKDGGPSSGRPPPS,0
DHYNCVSSGGQCLYSACPIFTKIQGTCYRGKAKCCK,0
RRRRRRR,0
TGDFVYMSPFYGYRE,0
CATCQIADSHRSH,0
SNIKENKCNGTDAKVKLIKQELDKYKNAVTELQLL,0
CHTLPHTKC,0
WHSRGSTWLYRETANLNAMLTITTARSKYPY,0
CATCEQIADSQHRSHRQM,0
FDASISQVNEKINQSLAFIRKSDELLHNVNAGKST,0
SLLGRMKGA,0
SVITIELSNIKENKCNGTDAKVKLIKQELDKYKNA,0
CLLNKQNAC,0
EQVLKAVTNVLSPVFPGGET,0
MDVNPTLLFLKV,0
CKSTFSPNC,0
YKPRRKRAAIHVMLALATVLSI,0
TTKARATAPTTRNLL,0
YAGAVANDL,0
GLPVCGETCFTGTCYTNGCTCDPWPVCTRN,0
MSEALWTAWTQW,0
CGFSNFRSC,0
KKKKVVAATYVLF,0
GIGGKILSGLKTALKGAAKELASTYLH,0
HRSLLGRMKGA,0
QRKTKRNTNRRPQDVKFP,0
WEDWVAWI,0
MAVFLIAYDLVNERRGTHDYQPLWDELKRLGAHRTQFSLWLVSANNTTAEVRQHFQQFVDSNDRIWVTRLRKSQYDYANAIGGTNNWLSNNPPEA,0
MASAGMQILGVVLTLLGW,0
KIPLELWTRYNMTINQTIWN,0
KKKKGVAATYVLV,0
NIKENKCNGTDAKVKLIKQELDKYKNAVTELQLLM,0
CQPHTLPTC,0
RRKKAVLLALLAP,0
LGNWAREIWATL,0
ILPFLAGLFSKIL,0
SMTDFYHSKRRLIFS,0
MYVIMVYDVNEKRVAKILKIARKYLKWVQNSVLEGELSPGKYEKLKLEVSRLIDEKEDSVRFYVMDSQKVFNLETLGVEKGEDGFIF,0
SGCANNTCYNVSVIVPDYQC,0
CQPHLPWHC,0
SIELNKAKSDLEESKEWIRRSNQKLDSIGNWHQS,0
EFDASISQVNEKINQSLAFIRKSDELLHNVNAGKS,0
KEGSNICLTRTDRGWYC,0
LEGEVNKIALLSTNKAVVSLSNGVSVLTSKVLD,0
TAAVALVEAKQARSDIEKLKEAIRDTNKAVQSVQS,0
CDVIALLACHLNT,0
QARSDIEKLKEAIRDTNKAVQSVQSSIGNLIVAIK,0
DITLNNSVALDPIDISIELNKAKSDLEESKEWIRRSNQKLDSIGN,0
IDLNITMLEDHEFVP,0
AANGGPATPAPPPLG,0
EELRVRLASHLRKLRKRLLRDADDLQKRLAVY,0
AAHLIDALYAEFLGGRVLTTPVVHRALFYASAVLRQPFLAGVPSA,0
CTEEHIVATELVIQEMYIKINVKNSP,0
PPATHTIADRNHTPFSDV,0
RERLKQRQQLFDSQQ,0
DEMEEC,0
FLWSLIPSAISAVTSLIKK,0
ALQELLGEYIQWLKDGGPSSGRPPPS,0
ADLEVVAATYVDDA,0
CSRCLELALCLDPAN,0
SWLRDIWDWIEEVLSDFK,0
MDVNPTLLFLKVPA,0
ATHIKVGQPQYYQAN,0
ARMLGDVMAVSTCVP,0
SPQYWTGPA,0
TPNITLNNSVALDPIDISIELNKAKSDLEESKEW,0
KKKKVVAATYVAV,0
CWPPSSRTC,0
GLKDIFKAGLGSLVKNIAAHVAN,0
PPARSSPPMPPNLPPLRRRIILLRFLFH,0
LYIRPRPPDNDDGDDNDDGGGENNGGDGDNYATDDMMMVMIMMMVVVRIMVVMVIIMLLMT,0
PPESNHPPWKGPYPPPTSNVNPLILLSHLNKIRIRAREIYES,0
FAVGLRAIKRALKKLRRGVRKVAKDL,0
AVVNDL,0
ALDKAEESNSKLDKVNVKLT,0
MVRLVITYDIRKDKIRNKLFRLLERYGAWKQYSVFELEINPVHKVELFHSIADLIEDTDRVRIYDLCERCQGKITELGEVSPDKMQVVI,0
SWRLDIWDWICESVLDFK,0
FISAIASMLGKFL,0
SMEKLAGFGAVGAGATAEETRRMLHRAFDTLA,0
ADVILMCFSIDSPDSLENI,0
KKKKVVAATYVLVF,0
MHRSLLGRMKGA,0
ADGPRSSLLGRMKGA,0
KKKKVVLPFLFFF,0
VITIELSNIKENKCNGTDAKVKLIKQELDKYKNAV,0
LGCETAALRLGIKLTQHYFGLLTAFGSNFGTIG,0
ATFNFINNCPFTVWAAAVPG,0
TDVILMCFSIDSPDSLEAI,0
MYIIVVYDVSVERVNRVKKFLRQHLHWVQNSVFEGEVTLAEFERIKAGIGELIDGDEDSVVIYKLRSMPKREVMGVEKNPIEDII,0
QFEQPRRCPTRPEGQ,0
YAGAVVNDL,0
YPGHITGHRMANMMMNW,0
PPLRYSPPGQRVIPPPADERFLRFLVFHLNKIRIRAREIYES,0
CTPTMHNHC,0
TTTPAKRKKTKK,0
APMGSDPPTACCASYTARKLPRNFVVDYYETSSLCSQPAVVFQTKRSKQVCADPSESWVQEYVYDLELN,0
VNKKIEEIDKKIEELNKKLEELEKKLEEVNKK,0
ADGTQRSLLGRMKGA,0
KSCCPNTTGRNIYNTCRLTGSSRETCAKLSGCKIISASTCPSNYPK,0
FLEENITALLEEAQIQQEKNMYELQKLNSWDVFGN,0
TDVILMAFSIDSPDSLENI,0
KKKKVAAATYVLV,0
ARRYNATHIKVGQPQ,0
IEPHDWTKNITDKIDQIIHDFVDKT,0
CMQSAAAHC,0
ALLTRILG,0
CLGVGSCNDFAGCGYAVVCFW,0
CQLSLAPYC,0
LLGGILGIGLGVLLLILCLP,0
YDHIQDHVNTMFSRLATSWCLLQNKERALWAEAA,0
YLDRVDTWLQGKINISLCLT,0
KKKKLLLPFLVLF,0
RRKKAAVALLPAVLLALLA,0
VSFAIKWEYVL,0
SWLRDIWDWI,0
VYLHRIDLGPPISLERLDVGTNLQNAIAKLEDAKE,0
AALVVAQLLRIPQAIMDM,0
FFRHLFRGAKAIFRGARQGWRAHKVVSRYRNRDVPETDNNQEEP,0
LQNHELTLWNEARKL,0
HRALMRIRQMMT,0
SGFDPLITHA,0
GLFDIIKKIAESF,0
MVYVLIAYDISNDSKRLKAAQKLLQMGFARVQKSVYIAKGGRSLAKEAYRALQRLADSGKDKIMVMVIPGDSVRDAYGLGGSLEDGKRVVVV,0
CDVIALLCHLNTPSF,0
CTTMTRMTC,0
DYTEVQRRNQLHDLR,0
LAEGPPVKECAVTCRYDKDADINVVTQARN,0
PPLAVMRPGIQILPPPGTDVHPK,0
CSLSPLGRC,0
CLRKLRKRLLRC,0
GFLSILKKVLPKVMAHMK,0
FDSQQGWFEGWFNRS,0
TSYHRSA,0
DCWVRLGRYLLRRLKTPF,0
CATCEQIADSQHRSHRQ,0
AAATQAANGGPATPA,0
QIQDPEIPKCGWWNQMAYYN,0
DISIELNKAKSDLEESKEWIRRSNQKLDSIGNWHQ,0
GELGRLVYLLDGPGYDPI,0
SLERLDVGTNLGNAIAKLEAKELLESSDQILRSM,0
IELNKAKSDLEESKEWIRRSNQKLDSIGNWHQSST,0
YETLIASVLGKLTGLWHNNSVDFMGHTCHFRRRPKVRKFKLYHEGKFWCPGWAPFEGRSRTKSRSGSSREAIKDFVRKALQNGLITQQDATVWVN,0
PPRTTPIPHLDVSLHLLILRILRVRVH,0
ATMYYKDVTVSQVWF,0
RRKKAAVAALPAVLLALLAP,0
RRKKWLVFFVIFYFFR,0
ISIELNKAKSDLEESKEWIRRSNQKLDSIGNWHQS,0
KKKKVPAATYVLV,0
PPFLSYLPAETDFPPPEARETPEPFSNPP,0
AYQPLLSNTLAELYV,0
RWRWRWRW,0
MDVNPTFLFLKVPAQ,0
KKKKPVAATYVLV,0
CRFPNITNSHVPILQERPPLENRVLTGWGL,0
KKKKVLAATLVLV,0
KRKRAVKRVGRRLKKKLARKIARLGVAF,0
RRKKAAVALLPAVELALLAP,0
TMKVDDLIVHFNMTKAVEMV,0
NMAKLRERLKQRQQL,0
FDEMEECASHLPYA,0
DISIELNKAKSDLEESKEWIRRSNQKLDSIGNWH,0
KKKKVVAATYFFFA,0
MPRRRRIRRRQK,0
KKKKLLAPFLVFF,0
QEWERKVDFLEENITALLEEAQIQQEKNMYELQKL,0
RGGRLCYCRRRFCVCVGR,0
EAKQARSDIEKLKEAIRDTNKAVQSVQSSIGNLIV,0
AICKKPSKFFKGACGRDADCEKACDQENWPGGVCVPFLRCECQRSC,0
QKKCPGRCTLKCGKHERPTLPYNCGKYICCVPVKVK,0
LEAIPCSIPPEFLFGKPFVF,0
CGESCVFIPCITSVAGCSCKSKVCYRNGIP,0
ISLERLDVGTNLGNAIAKLEDAKELLESSDQILRS,0
KRRPAKAWSGRRTRLCCHRVPSPNSTNLKGHHVRLCKPCKLEPEPRLWVVPGALPQV,0
IINFYDPLVFPSDEFDASISQVNEKINQSLAFIRK,0
DIEKLKEAIRDTNKAVQSVQSSIGNLIVAIKSVQD,0
AVALVEAKQARSDIEKLKEAIRDTNKAVQSVQSSI,0
TTPKFTVAWDWVPKR,0
CMTSHPTLC,0
GGTIFDCGETCFLGTCYTPGCSCGNYGFCYGTN,0
VKQCRWCGFDFDGPDGLPHYPIGKCILANE,0
GILDAITGLL,0
ADLEVVAATYVDVA,0
CVRTPTHHC,0
RNPNQVGD,0
KKKKVVAATYVLVK,0
MPITNDQKKLMSNNVQI,0
MEHLYIVSYDIRNQRRWRRLFKTMHGFGCWLQLSVFQCRLDRIRIIKMEAAINEIVNHAEDHVLILDLGPAENVKPKVSSIGKTFDPILRQAVIV,0
RRKKAAVALLPAVLL,0
GWIGAIVSTALPQWRIYS,0
CVSGQESIC,0
LPRRLHLEPAFLPYSVKAHEC,0
CEEQAQQIRLQAEAFQARLKSWFEPLVEDM,0
PPGAPPAPFRTHTPPPRMVIVLIRVWCH,0
IKENKCNGTDAKVKLIKQELDKYKNAVTELQLLMQ,0
ALLGRMKG,0
PPPLGAAPTGDPKPK,0
LEVYTRHEIKDSGLL,0
AWLVHTQWFLDLPLPWLPGADTQGSNWI,0
GAKKGAKKGKKGAKKGAKGAGAKGAGAFKKKK,0
HVMLALATVLSIAGAGTGATAI,0
RPEGQNYTEGIAVVF,0
KKKKVVAATLFLV,0
GFPCGESCVFIPCISAAIGCSCKNKVCYRN,0
SSCNMGWDTPACCVWFPYWV,0
CPSTGYSYC,0
DPKPKKNKKPKNPTP,0
CATCIADHRSHRQMV,0
PPDGCNRPQQSRKPPPRCLICLMVGLIHLNKIRIRAREIYES,0
DTHTTGGVAGRDTLRFTGFFSFGPKQK,0
NFYDPLVFPSDEFDASISQVNEKINQSLASIRKSDELLHNVNAGK,0
YLRGVNRSLHGIWPGKICKGVPTHLATDVE,0
VEAKQARSDIEKLKEAIRDTNKAVQSVQSSIGNLI,0
SFAIKWEYVLLLFLL,0
CNSSSPTAC,0
KKKKLLLPFLFLF,0
GLVSGLLNTAGGLLGDLLGSLGSLSGGES,0
SWLRDIWDWICKVLSDFK,0
GHRYSQFMGIFEDRA,0
RRKKAAVA,0
CLVRNLAWC,0
CPKHVLKVC,0
IFSAIGGFLKSIF,0
KKKKVVAPTYVLV,0
IRNPVTCIRSGAICYPRSCPGSYKQIGVCGVSVIKCCKKP,0
CPAASHPRC,0
DDSVVAAMSYSFA,0
KTCENLADDY,0
QRRNQLHDLRFADID,0
TRNLLTTPKFTVAWD,0
AENTDANFYVCPPPT,0
PPTSPLLPTVNLRPPPIIIVFLLRVWFH,0
NGESSADWAKN,0
GLFGILGSVAKHVLPHVIPVVAEHL,0
NEELGKKYEETKKKQEEFYKKIEEIEKKNEEVKKKLEELQKK,0
SVALDPIDISIELNKAKSDLEESKEWIRRSNQKLD,0
KKKKTVAATYVLV,0
QKKFRVRLSA,0
DPIDISIELNKAKSDLEESKEWIRRSNQKLDSIGN,0
CQWPGQSGC,0
ADGAHSSLLGRMKGA,0
CIHAPHTQC,0
KKKKLLLAFLFLF,0
SWLRDIWDWSCEVLSDFK,0
AAPCFCSGKPGRGDLWILRGTCPGGYGYTSNCYKWPNICCYPH,0
ILMCFSIDSPDSLENI,0
VALDPIDISIELNKAKSDLEESKEWIRRSNQKLDSI,0
AKKQRFRHRNRKG,0
CSIELSDIPLSVDFNTMID,0
SLIGRL,0
MYILITYDVSTETEAGKKRLRKVAQVCKDFGQRVQKSVFECSVNEAQFEQLKHRLLQCIDEKSDSLRIYRLREPAKKYIQEYGVNLTIDFDAPLVL,0
CCFLNITNSHVSILQERPPLENRVLTGWGL,0
TDVILMCFAIDSPDSLENI,0
QLQKWEDWVRWIGNIPQYLKG,0
DDSVVAAMSYSHA,0
WEYVLLLFLL,0
KLKEAIRDTNKAVQSVQSSIGNLIVAIKSVQDYVN,0
CFSSARLSC,0
SPTGPPGSIRTWFQRIPLGWFHCTYQKGKQHCRLRIRQKVEE,0
AVYLHRIDLGPPISLERLDVGTNLQNAIAKLEDAK,0
GLFPKFNKKKVKTGIFDIIKTVGKEAGMDVLRTGIDVIGCKIKGEC,0
PTSNHSPTSCPPTCPGYRWMCLRRF,0
GELDELVYLLDGPGYDPIHCDVVTRGGSRLFNF,0
ITLNNSVALDPIDISIELNKAKSDLEESKEWIRRS,0
CQPSDPHLC,0
CQSLPTHNC,0
FYHSKRRLIFSKRKP,0
CQRCGWETGVGVSGFLVRILRFVVL,0
QGRMYQRFLRQHVDPDETGGNDHYLNLSRRNIQCPNRHEGVRFNTDIHEDLTNRRPIDEHEGVVRVTDKTEEG,0
CNDFRSKTC,0
SALYALYDFSPPARKMRAYTVRAYVHGSYSRRGPWYDFEPVPGASMDGL,0
YAVVNDL,0
ATAPTTRNLLTTPKF,0
QKKIRVRFSA,0
ATCYCRTGRCATRESLSGVCEIRGRLYRLCCR,0
ELSNIKENKCNGTDAKVKLIKQELDKYKNAVTELQ,0
CYSCPCERRCHKIARGLLILRSVLF,0
LNNSVALDPIDISIELNKAKSDLEESKEWIRRSN,0
KKKKVVGATYVLV,0
MNINPYPLFIDVPIQ,0
SKHSSLDCVLRP,0
GSATLCSALYVGDLCGSV,0
RRRSRNLGKVIDTLTCGF,0
QAFKTFTPDWNKIRNDAKRMQDNLEQMKKRFNLNL,0
MRGGNLKVLVVYDITDDSLRLKVAEILKDLGLFRIQKSAFIGEMTSQERENMEEILRRQNLGPSDRIDVFPICDRDLKMHSQIGRGKFGRGPP,0
HGVSGHGQHGVHG,0
RRKKAAVALL,0
MASTGLELLGMTLAVLGW,0
KKKKVVLAFYVLV,0
NPAGCRFCCGCCPNMIGCGVCCRF,0
VRVLEDGVNYATGNLPGC,0
RRKKAAVALLP,0
CPGHIHRTC,0
GIADILKGLL,0
RTGRGRRGIYR,0
HKILGYTVIAMPEVEGEEIQ,0
ATCYCRTGRCATRESLSGVCRISGRLYRLCCR,0
SNASVWECCSTGSWVPFTCC,0
EVVLFLLNVF,0
RRKKAAVAKLPAVLLALLAP,0
LLRIPQAIMDMIAGAHWG,0
DLGPPISLERLDVGTNLGNAIAKLEAKELLESSD,0
IGLKVEAMEKFLYTAFAMQE,0
PDAVYLHRIDLGPPISLERLDVGTNLGNAIAKLED,0
ARSDIEKLKEAIRDTNKAVQSVQSSIGNLIVAIKS,0
GLPICGETCVGGTCNTPGCSCSWPVCTRN,0
MAILGDTAWDFGSLGGVFTSIGKALHQVFGAIY,0
KQRQNKPPSKPNNDFHF,0
CLWPTLKGC,0
GLLRKGGEKIGEKLKKIGQKIKNFFQKLVPQPEQ,0
ILGAILPLVSGLLSNKL,0
PGGETARKDKFLHMVLPRRL,0
CGKRKSC,0
FEDRAPVPFEEVIDK,0
EKKCPGRCTLKCGKHERPTLPYNCGKYICCVPVKVK,0
PANAATRTSRGWHTT,0
GFCRCLCRRGVCRCICTR,0
PPEPSDLPPGNPVPPPLNYGDPTKLRSPP,0
KNPTPPRPAGDNATV,0
KRSKLLLGIGILVLLIIVILGVPLIIFTIKKKKKK,0
QKWEDWVRWIGN,0
CPPPTGATVVQFEQP,0
KKKKVKAATYVLV,0
RRKKAAVALLPAVLEALLAP,0
VETTVTTAQETKRGRIQTKK,0
LGCNQNQFFCKIPLELWTRY,0
TTNLTEYPLSRVDLG,0
SAIACGESCVYIPCFIPGCSCRNRVCYLN,0
CHKGHTWNC,0
DDMTMKPTPPPQYPLNLQGGGGGGSGDGFGFAVQGHQKVWTSDNGRHEIGLNGGYGQHLGGPYGNSEPSWKVGSTYTYRFPNF,0
ERKVDFLEENITALLEEAQIQQEKNMYELQKLNSW,0
VDFLEENITALLEEAQIQQEKNMYELQKLNSWDVF,0
RWRWRWRWRW,0
VALDPIDISIELNKAKSDLEESKEWIRRSNQKLD,0
SDFRRQNRRGGTNKRTT,0
KKKKLLLPFYFFF,0
MEHFPGP,0
CPFVKTQLC,0
FFIFPNYTIVSDFGRPNAA,0
MFYLISYDISVDQRRLKIAKLLEGYGQRVLESVFECDLELPAYRQLRQKLNRLIKDEEGDRLRIYRLCASCREQIEIIGDGPPPETSQDIYII,0
KKKKVVAAPYVLV,0
CEVLSDFK,0
SWLRDIWDWICEVLSD,0
WVEYMYSWIPTA,0
GSGPTYCWNEANNPGGPNRCSNNKQCDGARTCSSSGFCQGTSRKPDPGPKGPTYCWDEAKNPGGPNRCSNSKQCDGARTCSSSGFCQGTAGHAAA,0
PPGAPPQPDSVCELHLLCVLRLLVIRIH,0
CHNLKRPTC,0
GEETLKKWEEQTKKLEEKFKKIEENIKKNEEQVKKGEEQLKK,0
ILMCFSIDSPDS,0
CQYNPLPYC,0
GLRKKFRKTRKRIQKLGRKIGKTGRKVWKAWREYGQIPYPCRI,0
MKVLVSFEIKFKTNKEKIISILKHFGFRRMQENLYFGDVEYDELYAMQSDIMENIREYDSILTIPICKSCYLKLNVFGRNLSFKDELYKIF,0
AKKAWKKAKKAAKKAKKWAKK,0
KKKKVVAAFLVLV,0
CDVIALLECHLNT,0
AHWGVLAGIKYFSMVGNW,0
CHWMFSPWC,0
AAQRRGRVGRNPNQVGD,0
TAALELDIKLTQHYFGLLTAFGSNFGTIG,0
KKKKVVAATYKKVA,0
CLSIHSSVC,0
NNAKKTNVTLSKKRKRR,0
LERLDVGTNLGNAIAKLEDAKELLESSDQILRSMK,0
KPPSKPNNDFHFEVFN,0
NNWWYWWDTLVN,0
HRMANMMMNWSPTAALV,0
SWLRDVWDWVCTILTDFK,0
GFIFHIIKGLFHAGKMIHGLV,0
DDDEVVAATYVA,0
ILGKIWEGIKSIF,0
KKKKVVAATYFLVA,0
EDCSTPSSGSFLDR,0
KKKKLLLPTLFFF,0
DDSVVCAAMSYSYA,0
FLFAFRIFKRVFKKFRKLFKRAF,0
SSFSPAAPLPPGTKHPCLPLSCPPCPDEECPTCEILPPCELCPEIHIGCDCPFHHSCLCDQPACPPCDFPFGSLINKGGYRG,0
CTTHISQTC,0
TDVALMCFSIDSPDSLENI,0
EELRVRLASHLRKLRKRLLRDADDLQKRLAVYEEQAQQIRLQAEAFQARLKSWFEPLVEDM,0
ALVEAKQARSDIEKLKEAIRDTNKAVQSVQSSIGN,0
FLGFLKNLF,0
RRKKVLLALLAP,0
KKKKVVAAFYVFV,0
CTVGPTRSC,0
EVIDKINAKGVCRST,0
NASDMEIKKVNKKIEEYIKKIEEVEKKLEEVNKK,0
CSTRAENQC,0
QPELAPEDPEDSALLEDPVGTVAPQ,0
YLTTLK,0
KHMHWHPPALNT,0
MVVIVYVIVAYDVNVERVNRVKKFLRRYLNWVQNSLFEGELSSADLEEVKMGLREIINEDEDMVVIYRFRSADAFKREVMGIEKGLGGEEVI,0
CTFHSPRFC,0
GAVVNDL,0
TDVILMCFSIDSPDSLENA,0
SEDVVSSSMSYTFT,0
AVSKVLHLEGEVNKISALLSTNKAVVSLSNGVSVLTSKVLDLDNYIDKQLLPIVNK,0
ATSAQITAAVALVEAKQARSDIEKLKEAIRDTNKA,0
PPCYERMPRRLIRPPPLLSVLLILRLCH,0
GELGRPVYVLGDPGYYATHCIYATTNDALIFSV,0
KKKKVVAATYLLV,0
DSHAKRHHGYKRKFHEKHHSHRGY,0
KKKKVVAATYPLV,0
KYKETDL,0
GELGRLVYLLDGPGYDPIHCSLAYGDASTLVVF,0
CNSMWVRNC,0
KEAIRDTNKAVQSVQSSIGNLIVAIKSVQDYVNKE,0
ELQREESPTGPPGSIRT,0
ADGHRSSLLGRMKGA,0
GSWFRAISSWKQRNRWEWRPDF,0
ATSSANSKA,0
EAIRDTNKAVQSVQSSIGNLIVAIKSVQDYVNKEI,0
VIVQNSMRISSRPGA,0
CVSLEHQNC,0
LPRPGP,0
CVMSKHQHC,0
RRKKAA,0
CKPWPMYSC,0
CPDHPFLRC,0
SHQLSRADITTVSTF,0
GLLSVLGSVAKHVLPHVVPVIAEKL,0
CPHTQFWQC,0
KKKKVLLPFLLFF,0
VRNSQSCRRNKGICVPIRCPGSMRQIGTCLGAQVKCCRRK,0
KRKRAVKRVGRRLKKLARKIARLGVAKLAGLRAVKLF,0
CGECGGGHIVGRFCMVVRFLRLVFI,0
LLFLKVPAQNAISTTFPYT,0
ARALAHGVRVLEDGVNYA,0
NQGRHFCGGALIHARFVMTAASSFQ,0
CSQFPPRLC,0
ACFPWGNTWCGGK,0
KKKKLLLPFLFFV,0
LQLEARLQHLVAEILER,0
KKKKVLLPFYFFF,0
KKKKLVLPFLLFF,0
PPPTHQSPNTTDMPPPATLSGPTGINRPP,0
CDVIALL,0
NNSVALDPIDISIELNKAKSDLEESKEWIRRSNQK,0
GYRARPKFKAGKR,0
AGAVVNDL,0
MDVNPTLLFL,0
KKKKVVAATYKLKA,0
YDPLVFPSDEFDASISQVNEKINQSLAFIRKSDELLHNV,0
DQYKCLQHGGFCLRSSCPSNTKLQGTCKPDKPNCCKS,0
CNKPFSLPC,0
AKVTMTCSAS,0
GNTPNVSGANPVDCTMYSNK,0
DMELKPANAATRTSR,0
FKCRRWQWRMKKLGA,0
MKLLVVYDVSDDSKRNKLANNLKKLGLERIQRSAFEGDIDSQRVKDLVRVVKLIVDTNTDIVHIIPLGIRDWERRIVIGREGLEEWLV,0
CDVIALLCHLNTPSFNTTHYRESWY,0
SAYQVRNSSGLYHVTNDC,0
GLDTVSFSTKGATYITYVNFLNELRVKTKPEGNSHGIPSLRKSSDDPGSSFVVAG,0
KRWNETITGPSGCANNTCYN,0
NQTKDLQQKFYEIIMDIEQN,0
MDVNPCLLFLKVPAQ,0
CGRCLQRACCKYCRLKCRLILFVIF,0
EERKKLGEEIKKEAEEAKKQIEETKKNDEE,0
IPESSELTLQELLGEERR,0
RSLLGRMKGA,0
AWDFGSLGGVFTSIGKALHQVFGAIYGAA,0
RRKKAAVALLKAVLLALKAP,0
KKKKVVLATYVLV,0
CGSVFLVGQLFTFSPRHH,0
DVREEEQLGERATGLNLNI,0
AFHRYGTTVNCIVEE,0
NDPEMQYWTCGYRGLCRRFCHAQEYIVGHHGCPRRYRCCAVRS,0
TPNDITLNNSVALDPIDISIELNKAKSDLEESKEW,0
YTSLIHSLIEESQNQQEKNEQELLELDKWASLWNWF,0
TDVILMCFSIDSPDSLANI,0
REHLREQSRKPPNPT,0
KKKKVVAATYVKV,0
AEDWVRWI,0
CGYGLC,0
GICACRRRFCPNSERFSGYCRVNGARYVRCCSRR,0
MQILPLLFAVLLLMLQAEPGLSLARGLPQDCERRGGFCSHKSCPPGIGRIGLCSKEDFCCRSRWYS,0
MGKRLYAVAYDIPDDTRRVKLANLLKSYGERVQLSVFECYLDERLLEDLRRRARRLLDLGQDALRIYPVAGQVEVLGVGPLPELREVQVL,0
TWLRAIWDWVCTALTDFK,0
GLPRKILCAIAKKKGKCKGPLKLVCKC,0
KPVSLSYRCPCRFFESHVARANVKHLKILNTPNCALQIVARLKNNNRQVCIDPKLKWIQEYLEKALNK,0
TKCFQWQRNMRKVRGPPVSCIKRDS,0
PPVCETGPLHPPSPPPLVRISLILVFVHLNKIRIRAREIYES,0
FLFPLITSFLSKVL,0
WCNWHNIDPWIQLMNRTQADLAEGPPVKEC,0
MSTNPKPQRKTKRNTNRRPQDVKFPGGGQIVGGVYL,0
GLWQKIKSAAGDLASGIVEGIKS,0
SIELNKAKSDLEESKEWIRRSNQKLDSI,0
KQTENLADTY,0
IKWEYVLLLFLL,0
FDEMEESSSHLPYI,0
LLDCWVRLGRYLLRRLKT,0
MPYVVVFYDVSDNKRRDLLAKTLQSLGLVRVQRSVFMGRGGYTKAKEAIRAASRIVDARTDSVVALVVPEDYARRMLVYGGIMSDPKQKQAVRVV,0
SWLRDIWD,0
CQDRKTSQC,0
PPWCCCSPMKRASPPPAQSDLPATPKCPP,0
ADLEVVAATYV,0
TDVILMCFSIDSPDALENI,0
KKKKVVAATYVLE,0
KKKKVVAATYGLV,0
KKKKLVAATYVLV,0
GIADILKGLLG,0
TFLVHREWFMDLNLPWSSA,0
QGGIASCCRRHSKTQINREHLTHYYEQHRPPCPIKAVVFYVIGGARICADPNKVWTKTSKAFLDGVHYQRQHTSSKVSF,0
TDVILMCFSIDSP,0
CTMCRYQQNCFTRRLIVGGMLLVFV,0
KKKKLVAPFLFFF,0
PPSHSFRPESLERLHLLRRVLLLMRIVH,0
WEDAVRWI,0
RRKKAAVALAPAVLLALLAP,0
AGVKDGKLDF,0
MRSSGDYGEVTGAWIEFGCH,0
QKKIRIRLSA,0
ALDPIDISIELNKAKSDLEESKEWIRRSNQKLDS,0
VGALAVVVWLYLWLW,0
KKKKVVAATYVGV,0
VNPTLLFLKVPAQNAISTTFPYT,0
KKKKLVLPFLFFV,0
KKKKVVAATYVLVA,0
DTRAPLAI,0
YYQANGGFLIAYQPL,0
TLREHLRDIKAENTD,0
RPETVETTVTTAQETKRGRI,0
KKRKRRFLGFLLGVGSA,0
CPTTKSNVC,0
AQEPVKGPVSTKPGSCPIILIRCAMLNPPNRCLKDTDCPGIKKCCEGSCGMACFVPQ,0
KKKKVLLPFLFVF,0
CSAGAPEFC,0
NLYIQWLKDGGPSSGRPPPS,0
MRIVYLLFPFILLLVQGAAGSSLAPRNKEKCHREKGFCGFLKCFPFIISGKCSRFFFCCKKIFG,0
YIRDFITRRPPFGNI,0
CLPTPHHVC,0
CSPQLAPFC,0
PPGKQHTPTSFTHPPPADILLPLSAMIHLNKIRIRAREIYES,0
GIGAVLKVLTTGLPALISWIKRKRQQ,0
GLPVCGETCAGGTCNTPGCSCSWPICTRN,0
VGQPQYYQANGGFLI,0
SWLRDIWDWISEVLSDFK,0
GRTTLSTRGPPRGGPG,0
KKKKVVAATGVLV,0
HLVAVIGSYR,0
TDVILACFSIDSPDSLENI,0
CNSVPPYQC,0
RRKKAAVALLPAVLLALL,0
PNDITLNNSVALDPIDISIELNKAKSDLEESKEWI,0
MDVNPYFLFLKVPAQ,0
MSSRLAVFAYDIRDDRVRRHALKTLREWRLDGQLSVHECQVDAIQARRLFEQLGDELDPATDAWLFTWVEGHRAVLARGKGRTTALQDGLLLAA,0
ADLEVVAATYVLVA,0
KKKKVVAPTYFLV,0
CLFNHPKYC,0
EVSHPKVG,0
LGRTLAAIKLTQHYFGLLTAFGSNFGTIG,0
MANAGLQLLGFILAFLGW,0
LEEWYKKTEELQKKFEEIIKKIEENNKKVEEGLKK,0
CTQSGLLSC,0
KKKKVVAATYALV,0
KKKKLLLPTLFLF,0
AWDFGSVGGLFTSLGKAVHQVFGSVYTIM,0
FIFHIIKGLFHAGKMIHGLVTRRRH,0
ELQREESPTGPPGSIRTWFQRIPLGWFHCTYQKGKQHCRLRIRQKVEE,0
WEDWVRWI,0
TMLEDHEFVPLEVYT,0
GFCRCICTRGFCRCICTR,0
VNKIALLSTNKAVVSLSNGVSVLTSKVLDLKNY,0
GLWSKIKEAGKAVLTAAGKAALGAVSDAV,0
TDAILMCFSIDSPDSLENI,0
KTCENLADTY,0
GLWKSLLKNVGKAAGKAALNAVTDMVNQ,0
NKGCATCSIGAACLVDGPIPDFEIAGATGLFGLWG,0
VEDTLYGDHECGSLLQDAALYLVDGMTNTI,0
VGALAVVVWLFLWLW,0
CNSTKNLTFAMRSSGDYGEV,0
KQNAANILRLKESIAATNEAVHEV,0
ADLEVVAATFVLVA,0
GLLSGILNSAGGLLGNLIGSLSN,0
FALALKALKKALKKLKKALKKAL,0
AKLKVVAATYVLKK,0
YTPNDITLNNSVALDPIDISIELNKAKSDLEESKE,0
MLVLITYDVQTSSMGGTKRLRKVAKACQNYGQRVQNSVFECIVDSTQLTSLKLELTSLIDEEKDSLRIYRLGNNYKTKVEHIGAKPSIDLEDPLIF,0
MDVNPTLLFLK,0
CTGYHNNTC,0
CTSAAVHMC,0
TDVILMCFSIDAPDSLENI,0
FLAAARIAKRVAKKARKLAKRAARKRK,0
CPLASTRTC,0
KKFACPECPKRFMRSDHLSKHIKTHQNKK,0
YQVVKQPDYLLVPEEVMEYK,0
GLFGVLGSIAKHVLPHVVPVIAEK,0
CWVRLGRYLLRRLKTPFTRL,0
DADIAVWAPPVNAQN,0
SYSMEHFRWGKPV,0
AACARFIDDFCDTLTPNIYRPRDNGQRCYAVNGHRCDFTVFNTNNGGNPIRASTPNCKTVLRTAANRCPTGGRGKINPNAPFLFAIDPNDGDCSTNF,0
DPTARLQLEARLQHLVAEILEREQSLALHA,0
PPPPGASANASVERI,0
KKKKLVLPFYFFF,0
CNSHSPVHC,0
STSYAGAVVNDL,0
KKKKVVEATYVLV,0
GAWYKGRARPVSAVA,0
AFKQSPPAIPALGTN,0
HVNDMLGRVAIAWCE,0
DIWDWICEVLSDFK,0
VGALAVVVWLWLWLW,0
QKKIRVRLSA,0
KKLMSNNVQIVRQQSYS,0
SWLRDLWDWICELLSDFK,0
RRKKAAVALEPAVLLALLAP,0
GIKCRFCCGCCTPGICGVCCRF,0
GIPCGESCVFIPCLTTVAGCSCKNKVCYRN,0
FWFTLIKTQAKQPARYRRFC,0
LDPAFR,0
KKKKFVKKVAKKVKKVAKKVAKVAVAV,0
SSGLYHVTNDCPNSSIVY,0
FLQDSKAELEKARKILSEVG,0
GLLASLGKVFGGYLAEKLKPK,0
ADLEVVAATHVLVA,0
KKKKVVAATFVLV,0
DLSNQINSINKSLKSAEDWIADSNFFANQARTAK,0
CSLAPANTC,0
ARRAKRRARRAARRARRKARR,0
SLLGRMKG,0
CPPPQGQTC,0
QKKIRFRLSA,0
SWLRDIWDWICEV,0
KKKKLVLPTLFFF,0
LLRVKR,0
RVDLGDCIGKDARDA,0
QITAAVALVEAKQARSDIEKLKEAIRDTNKAVQSV,0
LESEVTAIKNALKKTNEAVSTLGNGVRVLATAVRE,0
RWRWRW,0
KQRQNKPPSKPNNDFHFEVFN,0
MAEPRRWYLITYDIRDPKRWRKVHALLKGYGEWLQLSVFRCSLTDRDREKLRWELSRRMDAVDTLLVIGLCGGCVERVRAINAKEDWPEEPAPFKVL,0
RRKKLLAP,0
GWAGWLLSPRGSRPSWGP,0
RRWCFRVCYKGFCYRKCR,0
CTLCRVVDCCLYAIVFVMVRVVVLCVNKIRIRAREIYES,0
KENKCNGTDAKVKLIKQELDKYKNAVTELQLLMQS,0
FKCRRWQWRMKKLGAPSITCVRRAFA,0
LLKELWTKIKGAGKAVLGKIKGLL,0
GELGRLVYLLDGPGYDPIHCDVVTRGGSHLFNF,0
CGEKSAQLC,0
AETVESCLAKPHTEN,0
GLFGVLGSIAKHVLPHVVPVIAEKL,0
CDVIALLACHLNTPSFNTTHYRESWY,0
VVDRGWGNGAGLFGKGSID,0
RRRRRRRRHPAEPGSTVTTQNTASQTMS,0
GIWDTIKSMGKVFAGKILQNL,0
IDISIELNKAKSDLEESKEWIRRSNQKLDSIGNWH,0
CLRVRLASHLRKLRKRLLRDADDL,0
ECKFTVKPYLKRFQVYYKGRMWCP,0
CNGVIHNQC,0
HMNASDMEIKSYINMIESVEESSNYDF,0
CSSQNGRIC,0
CTLTTKLYC,0
CKSCDTRCTCLRRRLRVGVGLPCMGC,0
LVSFRYEDQGPLVEG,0
MDVNPTLLF,0
TRTSRGWHTTDLKYN,0
LSNTLAELYVREHLR,0
RRKKLAP,0
EELRVRLASHLRKLRKRLLRDADDL,0
CTNSTLQSC,0
SWLRDVWDWVCTVLSDFK,0
CQAMHNRFC,0
AECVVSCSMSYTKA,0
HRILMRIRQAMT,0
NADIIKSLIRKTIINASKNTASLSILQHLYVLRS,0
SIELNKAKSDLEESKEWIRRSNQKLDSIGNWHQSS,0
CHNLESGTC,0
TSVITIELSNIKKIKCN,0
SLSRFLSFLKIVYPPAF,0
TLWPWAWRHNWQ,0
SWLRDLWDWLCEVLSDFK,0
LGPPISLERLDVGTNLGNAIAKLEDAKELLESSDQ,0
CPGHHLSHC,0
CHPSTHRYC,0
GLPVCGETCFGGTCNTPGCSCTWPICTRD,0
PNITLNNSVALDPIDISIELNKAKSDLEESKEWI,0
KKKKVVTATYVLV,0
DEVVCC,0
LLPRRGPRLGVRATRKTS,0
CSLTPHRSC,0
LLDCWVRLGRYLLRRLKTPFTRL,0
CEGLPNIDC,0
HRILMRIAQMMT,0
CTPGRSATC,0
KPVSLSYRCPCRFFESHVARANVKRLKILNTPNCALQIVARLKNNNRQVCIDPKLKWIQEYLEKALNK,0
TSQNIRS,0
CHPTGLHQC,0
CHSPLTSSC,0
KKKKVVFATYVLV,0
RRKKAP,0
CSDSWLPRC,0
KKKKLLLPTLVFF,0
NITLNNSVALDPIDISIELNKAKSDLEESKEWIR,0
CFRTLEHLC,0
LVFPSDEFDASISQVNEKINQSLAFIRKSDELLHN,0
RRRRRR,0
AIPCGESCVWIPCISAAIGCSCKNKVCYR,0
SQLGDLGSGAGQGGGGGGSIRAAGGAFGKLEAAREEEFFYKKQKEQLERLKNDQIHQAEFHHQQIKEHEEAIQRHKDFLNNLHK,0
KIALLSTNKAVVSLSNGVSVLTSKVLDLKNYID,0
DTRACDVIALLECHLNT,0
ENREILKEPVHGVYY,0
LAHKSRLYERHM,0
KKKKLVLATYVLV,0
RKVDFLEENITALLEEAQIQQEKNMYELQKLNSWD,0
LYGNEGCGWAGWLLSPRG,0
GHRRYFTFGGGYVYF,0
SPRGSRPSWGPTDPRRRS,0
GTACGESCYVLPCFTVGCTCTSSQCFKN,0
CNPMKPLMC,0
AQLLESVLQEERILALHAQARERLT,0
CLGIGSCNDFAGCGYAVVCFW,0
SVSWGMKPSPRQ,0
GICRCICGRGICRCICGRIGGRVPGVGVPGVGHHHHHH,0
CQGPVKPLC,0
GMCTEKFY,0
FNLSDHSESIQKKFQLMKEHVNKIG,0
CYCRIPACIAGERRYGTCIYQGRLWAFCC,0
KKKKVVAAGYVLV,0
QLESLTDRELLLLIARKTCGSVE,0
KKKKVVAATYFFV,0
GWMSKIASGIGTFLSGVQQG,0
FLHFLHHLF,0
KKKKLLLPFYFLF,0
GKINISLCLTGGKMLYNKVT,0
SWLRRIWRWICKVLSRFK,0
MSTNPKPQRKTKRNTNRRPQ,0
PPDVHTPPHALWRLHLSLRVCLVRMWIH,0
CERLNLPQC,0
VCYFMVFLQYGRKKRRQRR,0
DDSVVSAAMSYSFA,0
FLPLIGRVLSGIL,0
VLDLIYSLHKQINRGLKKIVL,0
KKKKVVAAFYFLV,0
CTSDLPSSWGYMNCNCTNSSSS,0
